{"cameraMode":{"drawMode":0,"name":"Shaded","section":"Shading Mode"},"sceneLighting":true,"audioPlay":false,"sceneViewState":{"m_AlwaysRefresh":false,"showFog":true,"showSkybox":true,"showFlares":true,"showImageEffects":true,"showParticleSystems":true,"showVisualEffectGraphs":true,"m_FxEnabled":false},"in2DMode":false,"pivot":{"x":1.1290249824523926,"y":2.3974711894989015,"z":1.3962361812591553},"rotation":{"x":0.1637374460697174,"y":0.5433692336082459,"z":-0.10901553928852081,"w":0.8161221742630005},"size":1.9782401323318482,"orthographic":false}